,Reiestr pinedzy; [1712--1720]; nr inw. 674 top. 848.],,
1713,,,
Xbrys,,,
1,kalikantemu na obuwie zlotych,3,
1715,,,
Januarÿi,,,
20,na butÿ kalikantemu zlotÿch,3,
1717,,,
februarÿ,,,
20,Organiscie szuchedni złotych,60,
Nowebra [sic!],,,
23,na buty stangrÿtowi kalikantemu wrutniemu po 3 złote złotÿch,9,
1718,,,
Noweber [sic!],,,
,kalikantemu na butÿ złotÿch,3,
1719,,,
Decembra,,,
18,kalikantemu na butÿ złotÿch,3,
Xbra,,,
,organiscie zatrzimanÿch złotÿch,80,
1720,,,
Nowebra [sic!],,,
5,kalikantemu na butÿ złotÿch,3,
,osobne wpisy suchedni,,
Roku 1712 [...] szuchedni,,,
siemtebra,,,
24,organiscie zapłacziłam wszystek dług zło,60,
1713,,,
Junÿi,,,
24,organiscie zatrzymanÿch szuchedni razem dała złotych,100 50 [150],
,Organiscie zło,20,
1713,,,
febru,,,
20,organiscie zlotych,20,
1714,,,
febru,,,
25,organiscie szuchedni złotych,20,
szuchiedni na S Truyce,,,
,Organiscie złotych,20,
szuchedni na S Mateusz,,,
,Organiscie złotych,20,
decembra szuchiedni na S Łuczÿa,,,
,organiscie szuchedni złotych,20,
1715,,,
Marca,,,
,Organiscie złotÿch,20,
szuchedni na Swieto Truycie,,,
,organiscie złotÿch,20,
szuchiedni na Swięto S Mateusza,,,
,organiscie szuchedni,20,
szuchiedni na S Łuczya,,,
,organiscie złotych,20,
1716,,,
szuchedni czyneram,,,
,organiscie złotÿch,20,
suchedni na Sieta [sic!] Truycie,,,
,organiscie złotÿch,20,
szuchiedni na S Mateusz,,,
,organiscie złotÿch,20,
szuchedni na Sieta Łuczÿia,,,
,organiscie złotÿch ad racionem,10,
1717,,,
szuchedni [...] czynerowi,,,
,organiscie złotÿch,16 4 [16 zł 4 gr?],
suchedni na Sieto Truÿce,,,
,organiscie dałam zatrzimane suchiedni złotÿch,20,
suchiedni na Swietÿ Mateusz,,,
,organiscie zatrzÿmanÿch suchiedni dalam złotÿch,40,
,[brak wpisu dla organisty na s. Łucję],,
1718,,,
,[brak wpisu dla organisty na Popielec],,
suchednÿ na Swieta Truÿcie,,,
,organiscie złotÿch,20,
,[brak wpisów na s. Mateusza i Łucję],,
1719,,,
marca,,,
2,organiscie dałam złotÿch,10,
,[brak wpisów na s. Trójcy i s. Mateusza],,
Xbra,,,
18,organiscie zatrzimanÿch suchedni złotych sie dało razem,80,
1720,,,
maia,,,
6,Organiscie dałam złotÿch,16,
8bra,,,
22,dałam Organiscie zatrzimanÿch suchedni złotych niewinnam nic as do S Łucyi,36,
,Expensa [1748-1750]; inw. 677 top. 214,,
1748,,,
Januarius,,,
4,Dla Koscielnych na Fondatorski dzien co Msza S. grali Złoty,3,16
18,Kapeli Jezuicki co po kolędzie byli zło,8,
Februarius,,,
10,Dla Xiędza Jezuity cobył z kapelą Złot,36,
Marcius,,,
14,Koscielnym co Mszą S. spiewali Zło,3,10
18,Koscielnym za Litanie S Jozefa przes cały post Zło,10,
21,Kapeli Zło,18,
26,Koscielnym co Mszą S. grali na fondatorski dzięn Zło,4,
Aprilis,,,
23,Kapeli na S. Woyciey [sic!] Zło,18,
Maius,,,
16,Za Litanią Koscielnym na S. Nepomucena Zło,2,15
26,Koscielnym co Mszą S. grali Zło,3,15
Junius,,,
12,Koscielnym za Litanią na S. Unufry Zło,3,15
13,Koscielnym na S. Antoni za Litanią Zło,4,6
16,Koscielnym za godzinę D. Panny Xieni Zło,2,20
21,Koscielnym takze podczas pogrzebu Zło,6,
Julius,,,
22,Koscielnym na S. Magdalenę za Litanią y Nieszpory co spiewali Zło,9,
Augustus,,,
15,Koscielnym co spiewali y grali na dobranoc Nayswiętszy Pannie Wniebowzięcia Zło,12,
,Kalikantemu Zło,2,15
,Gromackiemu [kalikant] Zło,2,15
November,,,
8,Za Miod do picia dla kapele na wszystkich Swiętych,18,
13,Kapeli co byli na Wszystkich Swiętych Zakonu naszego,22,
December,,,
4,Koscielnym co Mszą S. grali Zło,4,8
,Kalikantemu y gromackiemu Gro,,6
20,Kalikantemu na boty Zło,3,
22,Kantorowi z Brzezia za Opłatki Zło,2,
,Organiscie Zgrabia za Opłatki Zło,1,8
26,Dla Kosicelnych Wszystkich y dla Zygarmistrza na Koledę Zło,18,
31,Koscielnym Wszystkim Zło,5,8
1749,,,
Januarÿ,,,
5,Kapeli Niegowicki co po kolędzie grali Zło,5,
,Dla kapeli co była po kolędzie z Krakowa Zło,4,
28,Pannom Mistrzyniom obiema za Oracye Zł,16,
,Co grały na Skrzypcach Zło,4,
Marcius,,,
7,Koscielnym na Fundatorski dzięn co Mszą S. grali Zło,6,
14,Dla Koscielnych co Mszą S. grali y Spiewali Zło,6,15
21,Kapeli z Niegowici co byli na S. O. Benedykt Zło,20,
Junius,,,
10,Koscielnym za godzinę W. Panny Xieni Zło,4,24
13,Koscielnym na S. Antoni za Litanią Zło,6,
14,Za Czapkę Chłopcy Spiewakowi Zło,2,16
Julius,,,
13,Kapeli Zło,18,
22,Koscielnym na S. Magdalenę co Nieszpory y Msze S. Spiewali y grali Zło,8,
Augustus,,,
15,Koscielnym na N Pannę Wniebowzięcia Zło,11,24
18,Na Exekwie za Siostrę Domagalską [...] Dla Koscielnych y tuteyszych y goscinnych Zło,8,
November,,,
19,Kapeli Zniegowici co byli na SS. Panskich Zakonu naszego Zło,18,
,Chłopcu Spiewakowi na Boty Zło,2,16
,Na Jan zadatku Zło,8,
,Kantorowi z Krakowa za drogę Zło,2,16
25,W dzięn S. Katarzynt dla Koscielnych Zło,8,
December,,,
10,Kalikantemu co Zygar nakręca Zło,10,
11,Koscielnym na Fondatorski dzięn Zło,3,24
16,Dla Koscielnych na Kolędę Zło,14,
30,Koscielnym Zło,5,15
1750,,,
Januarius,,,
1,Kapeli z Krakowa co po kolędzie byli Zło,18,
4,Kapeli z Niegowici co po kolędzie byli Zło,8,
22,Spiewakowi na czapkę Zło,2,15
Marcius,,,
6,Koscielnym na Fondatorski dzięn Zło,3,20
11,Koscielnym na Fondatorski dzięn Zło,3,28
12,Za [...] Chłopcu Spiewakowi na Kontusik y Przekrzciance na Spodnicę Zło,36,
19,Koscielnym za Litanie S. Jozefa Zło,12,
21,Kapeli takze na S. Ociec Zło,18,
27,Gromackiemu Zło,3,
Apilis [sic!],,,
5,Chłopcu Spiewakowi na Boty Zło,2,16
23,Kapeli z Niegowici na S. Woyciech Zło,18,
Maius,,,
10,Koscielnym Zło,8,
Junius,,,
1,Koscielnym takze za godzinę Zło,5,
16,Koscielnym za Litanią S. Unufremu Zło,3,
Julius,,,
21,Koscielnym za Litanią na S. Magdalenę Zło,5,
Augustus,,,
15,Koscielnym co grawali Nayświętszy Pannie Wniebowzięcia na dobranoc y na dobry dzięn Zło,14,
December,,,
3,Koscielnym co grali Mszą S. na dzięn Fondatorski,3,
26,Koscielnym Wszystkim Kolędy Zło,14,
29,Koscielnym na dzięn Fundatorski Zło,5,
,suchedni osobno,,
1748,,,
Marcius,,,
6,Dla Pana Organisty Złotych,26,
,Dla Pana Kantora Złotych,21,
,Dla Starego Organisty co chłopca uczy spiewania Zło,5,
Junius,,,
7,Dla Pana Organisty Zło,26,
,Dla Pana Kantora Zło,21,
,Dla Starego Organisty Zło,5,
September,,,
17,Dla Pana Organisty Zło,26,
,Dla Pana Kantora Zło,21,
,Dla Starego Organisty Zło,50,
December,,,
18,Dla Pana Organisty Zło,26,
,Dla Pana Katora Zło,21,
,Dla Starego Organisty Zło,5,
1749,,,
Februarius,,,
25,Dla Pana Organisty Zło,26,
,Dla Pana Kantora Zło,21,
,Dla Starego Organisty co chłopca uczy Zło,5,
Maius,,,
27,Dla Pana Organisty Zło,26,
,Dla Pana Kantora Zło,21,
,Dla Starego Organisty co Chłopca uczy spiewac Zło,5,
September,,,
16,Dla Pana Organisty Zło,26,
,Dla Pana Kantora Zło,21,
,Organiscie Staremu co chłopca uczy spiewac Zło,5,
December,,,
16,Organiscie Zło,26,
,Kantorowi Zło,21,
1750,,,
Februari,,,
18,Organiscie Zło,26,
,Kantorowi Zło,21,
Maius,,,
20,Organiscie Zło,26,
,Kantorowi Zło,21,
September,,,
16,Organiscie Zło,26,
,Kantorowi Zło,21,
December,,,
16,Organiscie Zło,26,
,Kantorowi Zło,21,
,Reiestr Expensy [1761-xxx]; inw. 676 top. 203,,
1761,,,
January,,,
6,Koscielnym y Muzykantąm co byli z Gwiazdą,6,15
Februarÿ,,,
14,Koscielnym y Muzykantąm na dzien Fundatorski,9,16
20,Koscielnym y Muzykantąm na dzien Fundatorski,9,15
Mai,,,
16,Koscielnym y Muzykantąm za Litanią S. Janowi,8,
23,Na Suchedni dla Pana Organisty y Kantora,52,
,Dla Cztyrech Muzykantow na suchedni,32,
24,Koscielnym y Muzykantąm co grali Mszą S. pod czas tey Godziny IMC. Panny Xieni,15,
28,Koscielnym y Muzykantąm co grawali przes Oktawę Bozego Ciała Msze S. y za Procesyami,30,
Junÿ,,,
14,Koscielnym y Muzykantąm,9,
,Za Litanie Organiscie y Kantorowi co grawali przes Dziewięc wTorkow [sic!],9,
,Kalikantemu,2,
Augustus,,,
15,Koscielnym y Muzykantąm co grawali Matce Nayswietszy na dobrydzien y dobrąnoc,30,
28,Muzykantowi młodemu za Boty,6,
September,,,
16,Organmistrzowi od Wychandozenia y sporządzenia Organ,54,
,Organiscie od Bozego Ciała co Organ prubował,12,
,Forysiowi na drogę co odwoził rzemiesnikow do Krakowa,,15
October,,,
1,Za Suchedni Organiscie,26,
,Za Suchedni Kantorowi,26,
,Za Suchedni Cztyrema Muzykantąm,32,
2,Za Msze Swiete za duszę Panny Ostrowski Przeoryszy [...],,
,Kantorowi y Organiscie,6,
,Cztyrema Muzykantąm,8,
,Gromadzkiemu kalikantemu y Adamowi,4,15
25,La Litanią S. Kantego co grali Organiscie y Kantorowi,2,
November,,,
6,Za Litanią koscielnym w dzien S. Leonarda,2,6
25,Organiscie Kantorowi y Muzykantąm,15,6
,Koscielnym y kalikantemu,3,
w Grudniu,,,
4,Organiscie Kantorowi y Muzykantąm na Dzien Fundatorski Co Mszą S. grali,10,
16,[suchedni] Dla Organisty,26,
,[suchedni] Dla Kantora,26,
,[suchedni Dla Cztyrech Muzykantow,32,
23,Organiscie Zbrzezia co był z Opłatkami,3,
,Organiscie z Niepołomic co był z Opłatkami,3,
24,Kantorowi Za Opłatki,5,
,Reiestr expensy [1755]; inw. 678 top. 216,,
1755,,,
Januarÿ,,,
6,Koscielnym y Muzykantąm co z Gwaizdą byli w dzien Trzey Kroli,10,15
,Organiscie z Brzezia co był po koledzie,3,
Februari,,,
19,[suchedni] Dla Organisty y Kantora,52,
,[suchedni] Dla Cztyrech Muzykantow,32,
,Na Fundatorski dzien [...] Muzykantom y Koscielnym,10,
Marci,,,
19,Koscielnym za Litanie S: Jozefa co we srody spiewali,9,
21,Muzykantom za Msze y Nieszpory na S. O. Benedykt,18,
Mai,,,
26,Organiscie kantorowi na Suchedni,52,
,Cztyrem Muzykantom,32,
Junius,,,
2,Koscielnym y Muzykantom co Mszą S: grali,6,15
5,Koscielnym y tym co strzylali y co Ołtarze ubierali na Oktawę Bozego Ciała,16,
11,Koscielnym za Litanie co grawali S: Antoniemu przez w Torkow [sic!] dziewięc,10,
Julius,,,
22,Koscielnym za Litanią na S. Magdalenę y za Nieszpory,7,15
Augustus,,,
15,Koscielnym y Muzykantom Co grawali NP. na dobranoc,18,
September,,,
19,[suchedni] Organiscie,26,
,Kantorowi,26,
,Cztyrema Muzykantom na Suchedni,32,
November,,,
25,Koscielnym y Muzykantom,10,
December,,,
1,Koscielnym y Muzykantom na dzien Fundatorski,7,15
6,Koscielnym na S. Mikołay co kolendę spiewali IMC. Dobrodzieyce,6,15
14,Dla Organisty y Kantora na Suchedni,52,
,Dla Czytrech Muzykantow,32,
24,Kantorowi za Opłatki Tuteyszemu,3,
,Organiscie z Brzezia za Opłatki,1,15
,Zgrabia y z Niepołomic Organistom za Opłatki,3,
26,Organiscie y kantorowi na kolędę,10,
,Cztyrema Muzykantom,12,
,Gromackiemu kalikantemu,6,
3[0],Koscielnym y Muzykantom na dzien Fundatorski,9,
,Reiestr expensy; [1762]; inw. 679, top. 215,
1762,,,
Januarÿ,,,
6,Organiscie kantorowi y Muzykantom co byly z Gwiazdą,15,
14,Koscielnym y Muzykantąm na dzien Fundatorski,8,
w Marcu,,,
9,Dla Organisty y kantora Suchedni,52,
,Dla Cztyrech Muzykantow na Suchedni,32,
10,Koscielnym y Muzykantom na dzien Fundatorski,9,
16,Koscielnym y Muzykantom na dzien Fundatorski,9,
Aprilis,,,
5,Za Walterny dwie y Trąby dwie,126,
,Za Musztuk,7,
w Maiu,,,
12,Krawcowi od zrobienia Kontuszow y inszey roboty Muzykantowi y Ogrodnikowi,10,
16,Koscielnym y Muzykantąm za Litanią S. Jąna [sic!] Nepomucena,14,
Junÿ,,,
7,Organiscie y Kantorowi na Suchedni,52,
,Cztyrema Muzykantąm na Suchedni,32,
25,Koscielnym za Litanie S Antoniego,9,
,Kalikantemu,1,24
Julÿ,,,
13,Koscielnym y Muzykantąm w dzien Patronki IMC.D.,24,
w Auguscie,,,
15,Koscielnym y Muzykantąm co grawali na dobranoc y dobry dzuen N:P. przez Trzy dni,30,
w Septembrze,,,
18,Organiscie y kantorowi na Suchedni,52,
,Cztyrema Muzykantąm na Suchedni,32,
W Octobrze,,,
31,Kalikantemu na Boty,6,
w Novembrze,,,
11,Koscielnym na S. Marcin co Kolędę spiewali IMC.D.,8,
26,Koscielnym y Muzykantąm,15,
w Decembrze,,,
2,Kosicelnym y Muzykantąm,10,
6,Koscielnym y Muzykantąm w dzien S. Mikołaia,9,
24,Organiscie z Brzezia za Opłatki,3,
,Organiscie z Niepołomic za Opłatki,3,
26,Organiscie y kantorowi na Suchedni,52,
,Cztyrema Muzykantąm na Suchedni,32,
29,Organiscie z Niepołomic co był po koledzie z Szopką,4,
,[Reiestr expensy; 1777]; inw. 680 top. 815,,
September,,,
14,Kantorowi y Organiscie,52,
,Trzema Muzÿkantom,24,
December,,,
19,Kantorowÿ ÿ Organiscie,52,
,Trzema Muzÿkantom,24,
1778,,,
Januarius,,,
1,Organiscie ÿ Kantorowi,10,
,Trzema Muzÿkantom,9,
,Koscielnÿm ÿ Kalikantemu,6,
Martius,,,
,Kantorowi ÿ Organiscie,52,
,Trzema Muzykantom,24,
,Reiestr expensy [1780-1784]; inw. 681 top. 838,,
1780,,,
Januarÿ,,,
1,Kantorowi y Organiscie Koledy,10,
,Trzema Muzykantom Koledy,9,
,Kalikantemu y Gromackiemu,9,
Februarÿ,,,
19,Na Suchedni Organiscie y kantorowi,52,
,Dla Trzech Muzykantow na suchedni,24,
w Maiu,,,
19,Kantorowi y Organiscie na suchedni,52,
,Czterema Muzykantom na suchedni,24,
Junÿ,,,
13,Za Mszą S. w dzien S. Antoniego spiewaną,9,
,Koscielnym co Msze S. grali w dzien S. Antoniego,10,
,Kalikantemu y Gromackiemu,2,
,Organiscie y Kantorowi za Dziewiec Litanÿi S. Antoniego co Wewtorki grali y spiewali,9,
,Kalikantemu za tesz Litanie,2,
w Auguscie,,,
15,Kapely Co grawali N. Pannie Wniebowziecia Na dobry dzien y na dobranoc,15,
,Koscielnym na tosz swieto,4,
20,Kapeli,12,
w 7mbrze,,,
22,Organiscie y kantorowi na suchedni,52,
,[brak wpisów dla muzyków],,
v 8brze,,,
5,Za Litanÿą Koscielnym co S. Placydowi Grali,2,15
v 9brze,,,
4,Charzowskiemu od Nakręcania Zygara,30,
11,Koscielnym y Muzykantom Kolendy na S. Marcin,9,
14,Dla kapeli co grali Msze S. y Nieszpory,10,
w Decembrze,,,
13,Kapeli Co grali Mszą S. na dzien Fundatorski,10,
20,Organiscie y kantorowi na suchedni,52,
,[brak wpisu dla muzyków],,
1781,,,
Januarÿ,,,
,Organiscie kantorowi kolendy,10,
,Trzema Muzykantom koledy,9,
,Gromackiemu kolendy,3,
6,Kapeli y koscielnym na dzien Fondatorski,10,
8,Kapeli y koscielnym co byli z Gwiazdom pod Oknami w dzien S: Trzey Kroli,10,
21,Kapeli y koscielnym na Patronke P: Xieni,15,
v Marcÿ,,,
9,Organiscie y kantorowi na suchedni,52,
,Trzema Muzykantom na suchedni,24,
12,Kapeli co grali Mszą S.,8,
22,Za Litanie S. O. Benedykta y S. Jozefa co grawali Wewtorki y we srody,14,
,Kalikantemu,3,
Aprilis,,,
12,Dla Trzech Muzykantow za Omastę,12,
24,Kapeli Tuteyszy po smigurscie,15,
,Kalikantemu y Gromackiemu,4,
Junÿ,,,
8,Za suchedni Organiscie y kantorowi,52,
,Trzema Muzykantom na suchedni,24,
18,Kapeli y koscielnym za Godzinę Panny Xieni,10,
Julÿ,,,
11,Za wotywę spiewaną do S. Oyca Benedykta,6,
15,Kalikantemu zasług za Rok,24,
,Za syr y za masło kalikantemu,4,
w Auguście,,,
15,Kapeli co grawali przez Trzy dni NP. Wniebowziecia,15,
19,Kapeli co grali Msze S.,12,
v 7brze,,,
21,Organiscie y kantorowi na suchedni,52,
,[brak wpisu dla muzyków],,
v Xbrze,,,
20,Dla Kantora y Organisty na suchedni,52,
,Dla Trzech Muzykantow na suchedni,24,
1782,,,
Januarÿi,,,
1,Kantorowi y Organiscie koledy,10,
,Dla Trzech Muzykantow koledy,9,
,Kalikantemu y koscielnemu,4,
,Gromadzkiemu,2,
21,Kapeli co grali Msze S. na Patronkę P. Xieni,10,
Februarÿ,,,
20,Organiscie y kantorowi na suchedni,52,
,Kalikantemu zasłuk [sic!] za koscielną usługę rocznią,52,
Marcÿ,,,
22,Na Mszą S. spiewaną do N. Panny Bolesny,7,
Aprilis,,,
3,Kapeli po smigurscie,15,
v Maiu,,,
24,Muzykantom Trzema na suchedni,24,
Junÿi,,,
3,Kapeli takze za godzinę co grali P. Xieni,10,
13,Na Mszą S. do S. Antoniego Spiewaną,5,
24,Za Litanie S. Antoniego co Wewtorki [sic!] spiewali,9,
v 7brze,,,
18,Kantorowi y Organiscie na suchedni,52,
,Muzykantom Trrzema na suchedni,24,
30,Kalikantemu Zasług y od malowania ruznego,37,
v 9brze,,,
11,Koscielnym koledy na S. Marcin y Kapeli,9,
14,Kapeli y koscielnym,12,
v Xbrze,,,
10,Kapeli y koscielnym na dzien Fondatorski za Msze s.,10,
18,Na suchedni Kantorowi y Organiscie,52,
,Na suchedni Trzema Muzykantom,24,
1783,,,
Januarÿ,,,
1,Kantorowi y Organiscie koledy,10,
,Dla Trzech Muzykantow koledy,9,
,Kalikantemu y koscielnemu koledy,4,
,Gromadzkiemu koledy,2,
16,Kapeli na dzien Fondatorski za Mszą S. y koscielnym,10,
v Marcu,,,
12,Kantorowi y Organiscie na suchedni,24,
,Muzykantom Trzema na suchedni,24,
,Kalikantemu za koscielną usługę Rocznią,52,
17,Za Litanie Koscielnym Organiscie y kantorowi S. Oyca Benedykta y S. Jozefa co grawali,14,
Aprilis,,,
11,Na Mszą S. spiewaną do N Panny Bolesney,8,
15,Muzykantom Trzema za syr y za masło,12,
21,Kapeli po smigurscie,4,28
,Kapeli na S. Woyciech,12,16
Juniÿi,,,
11,Na suchedni Kantorowi y Organiscie,52,
,Trzema Muzykantom na suchedni,18,
18,Za Litanie Kantorowi y Organiscie co grawali S. Antoniemu przez Dziewiec w Torkow [sic!],9,
,Kalikantemu,2,
22,Kapeli Co grawali podczas godzin Msze S.,10,
26,Kapeli Co grawali przes całą Oktawę Bozego Ciała Na Churze,15,
,Koscielnym y kalikantemu,6,
v Auguscie,,,
15,Kapeli co Grawali N:Pannie na Dobrydzien y Na dobranoc,15,
v 7brze,,,
16,Na suchedni Kantorowi y Organiscie ,52,
,Na suchedni dla Trzech Muzykantow,24,
v 9brze,,,
11,Koscielnym y kapeli koledy na S. Marcin,12,
v Xbrze,,,
18,Kantorowi y Organiscie,52,
,Cztyrema Muzykantom suchedni,24,
24,Kalikantemu za Opłatki,5,
1784,,,
January,,,
1,Kantorowi y Organiscie koledy,10,
,Muzykantom Trzema koledy,9,
,Koscielnemu y kalikantemu,4,
,Gromadzkiemu koledy,2,
Marcÿ,,,
5,Kantorowi y Organiscie na suchedni,52,
,Trzema Muzykantom na suchedni,24,
Aprilis,,,
12,Kapeli tuteyszy Po smigurscie,15,
,Koscielnym po smigurscie y kalikantemu,4,
Junÿ,,,
4,Kantorowi y Organiscie na suchedni,52,
,Trzema Muzykantom na suchedni,24,
,Za syr y za masło Trzema Muzykantom,12,
14,Koscielnym y kapeli za Mszą S: spiewana pod czasz [sic!] Godziny Panny Xieni,15,
17,Kapeli Co grawali przez Oktawę Bozego Ciała,15,
v Auguscie,,,
15,Za Wotywę spiewaną NP. Wniebowziecia,5,
16,Kapeli co grawali przez Trzy dni Na dobrydzien y dobranoc N.P. Wniebowziecia,18,
24,Kapeli,10,
v 7brze,,,
15,Kantorowi y Organiscie na suchedni,52,
,Trzema Muzykantom na suchedni,24,
v9brze,,,
10,Od Zygara Nakrecania Harzowskiemu,30,
,Za Barwę Muzykantom Trzema,72,
v Xbrze,,,
15,Kantorowi y Organiscie na suchedni,52,
,Trzema Muzykantom na suchedni,24,
,Reiestr expensy 1785-1786; inw. 682; top. 688,,
Januarÿ,,,
1,Kantorowi y Organiscie na koledę,10,
,Trzema Muzykantom na Koledę,9,
,Koscielnemu y kalikantemu na koledę,4,
,Gromadzkiemu na koledę,2,
18,Kapeli y koscielnym na tenze dzien Fundatorski,10,
21,Kapeli y koscielnym na tenze dzien,15,
Februarÿ,,,
16,Kapeli na dzien Fondatorski co Msze S. grali,8,
,Koscielnym,3,
20,Kantorowi y Organiscie na suchedni,52,
,Trzema Muzykantom na suchedni,24,
v Marcu,,,
2,Kapeli na tenze dzien Fundatorski co grali Mszą S.,10,
Aprilis,,,
14,Za Litaniÿe S.O. Benedykta y S. Jozefa kantorowi y Organiscie Co grawali przez Niedziel siedm,14,
,Kalikantemu za tesz Litanie,3,
v Maiu,,,
20,Kantorowi y Organiscie na suchedni,52,
,Trzema Muzykantom na suchedni,24,
Juni,,,
1,Kapeli takze co grali podczas tey Godziny,10,
,Koscielnym y Kalikantemu,4,
4,Kapeli po Skonczony konkluzÿi Nabozenstwa Bozego Ciała,10,
22,Na Pogrzeb Panny Pachowny [...] Kapeli,15,
,Koscielnym,4,
v Auguscie,,,
15,Kapeli co Grawali przez Trzy dni na dobrydzien y dobranoc N.P. Wniebowziecia,20,
,Koscielnym,3,
21,Kapeli na tenze dzien,10,
,Koscielnym,3,
v 7brze,,,
23,Kantorowi y Organiscie,52,
,Trzema Muzykantom na suchedni,24,
v 9brze,,,
11,Koscielnym koledy na S. Marcin y Kapeli,10,
v Xbrze,,,
17,Organiscie y kantorowi na suchedni,52,
,Trzema Muzykantom na suchedni,24,
21,Organiscie z Brzezia co był z Opłatkami,5,
1786,,,
Januarÿ,,,
1,Kantorowi y Organiscie koledy,10,
,Trzema Muzykantom koledy,9,
,Kalikantemu y Koscielnemu Gromadzkiemu,6,
12,Kapeli na dzien Fundatorski,7,15
,Koscielnym y kalikantemu,3,
21,Kapeli co Msze S. grali na Patronkę P. Xieni,10,
,Koscielnym y kalikantemu,3,
w Marcu,,,
10,Kantorowi y Organiscie na suchedni,52,
,Trzema Muzykantom na suchedni,24,
Junÿ,,,
7,Kantorowi y Organiscie,52,
,Muzykantom Trzema,24,
19,Kapeli co MSze S. grali,10,
,Koscielnym,3,
23,Muzykantom co grawali przez Oktawę Bozego Ciała także Kantorowi y Organiscie,15,
v Auguśćie [sic!],,,
15,Kapeli co grawali Matce N: na dobry dzien y na dobranoc przez Trzy dni,19,
,Koscielnym y kalikantemu,3,
20,Kapeli za MSze S. co grali,10,
,Kalikantemu y koscielnym,3,
v 7brze,,,
22,Organiscie y kantorowi na suchedni,52,
,Trzema Muzykantom na suchedni,24,
,Reiestr Expensy [1788-1793]; inw. 683 top. 199,,
1788,,,
Lipiec,,,
17,Na Mszą S: oraz Kantorowi Organiscie y Kalikantemu,5,4
Sierpien,,,
29,Kalikantemu załugi Roczne należące na przeszłÿ S: Jan d: 24 Czerwca,24,
16,Kantorowi y Organiscie za maasszło po Złotych 8,16,
17,Hozoskiemu od Zegaru na krecania za Rok teraznieyszy [...],30,
w Rzesien [sic!],,,
14,Na Mszą S: oraz kantorowi organiscie y kalikantemu,5,4
20,Kantorowi y Organiscie po złotych 37.gr.15,75,
,Kapeli trzema po złotych 8,32 [sic!],
Pazdziernik,,,
9,Na Mszą S: Spiewaną,3,
,Kantorowi ÿ Organiscie po gr 26 kalikantemu gr 12,2,4
Litopad,,,
24,Kapeli dwiema y kalikantemu za tęsz Mszą S:,2,4
30,Kalikantemu na S: Mikołaÿ,2,15
Grudzien,,,
18,PP: Kantorowi ÿ Organiscie po zł: 37 gr: 15,75,
,Hazoskiemu ÿ Jaskulskiemu po zł: 8,16,
19,Cichawskiemu za Robotę,8,20
1789,,,
Styczen,,,
2,kantorowi y organiscie po Zł:,8,
,kapeli trzema po zł:2 grL 15,7,15
,koscielnemu y kalikantemu po zł: 1 gr: 15,3,
Luty,,,
2,Cichawskiemu od malowania lasek do wkladania swiec,2,12
12,Na Mszą S: y dwiema kantorowi y organiscie oraz kalikantemu,5,6
Marzec,,,
19,PP: Kantorowi y Organiscie po zł: 37 gr: 15,75,
,Muzykantom dwiema Hazowskiemu y Jaskulskiemu po zł: 8,16,
20,Za litanie spiewane razy osm po zł: 4 iednemu,8,
27,Na Mszą S: piewaną tagrze [sic!] kantorowi y organiscie y kalikantemu,5,6
Kwiecien,,,
8,Cichawskiemu Puł rocznich zasług,25,
22,P:Pochwalskiemu za Swięto S: Woyciecha,7,
Czerwiec,,,
3,kantorowi y Organiscie po zł 37 gr: 15,75,
,Harzoskiemu y Jaskulskiemu po zł. 8,16,
15,Kapeli wszystki oraz koscielnemu y kalikantemu,11,
Sierpien,,,
27,kantorowi y Organiscie y kalikantemu za spiewaną Mszą s:,2,4
31,Hazoskiemu od lania swiec koscielnych y od przerabiania wosku,3,20
Wrzesien,,,
16,kantorowi y organiscie po zł: 37 gr: 15,75,
,Harzoskiemu y Jaskulskiemu,16,
,Za masło kantorowi y organiscie,16,
Listopad,,,
1,Od Zegaru Hazoskiemu,30,
Grudzien,,,
4,Cichawskiemu wypłaciłam za Pisanie Xiąg [...],18,
1790,,,
Styczen,,,
1,Kapeli y koscielnym,17,15
21,Kantorowi y Organiscie po zł: 37 gr: 15,75,
,Hazoskiemu y Jaskulskiemu po zł: 8,16,
Lutÿ,,,
23,Kantorowi y Organiscie y Kalikantemu za wtorkowe nabozenstwo,9,
,Cichawskiemu za umalowanie drzwi do kapitularza,3,
28,Kantorowi y Organiscie po zł: 39,78,
,Hazoskiemu zł: 10 Jaskulskiemu zł: 8,18,
Maij,,,
4,Kapeli Koscielnym [...],19,6
Czerwiec,,,
7,Kapeli,10,18
Lipiec,,,
21,Hazoskiemu od swiec orbienia zł: 2 kobiecie gr 20,2,20
Sierpien,,,
10,Kalikantemu dawni y teraz naprawianych y robionych okien,23,16
wRzesien [sic!],,,
21,Kantorowi y Organiscie po zł: 37 gr: 15,75,
,Harzoskiemu wraz y za omastę,10,
,Jaskulskiemu Suchedni zł: 8 za Bractwo N: P: zł 4,12,
Listopad,,,
16,Kapeli,11,
,Kalikantemu,2,
1791,,,
Styczen,,,
8,Kapeli y Chłopcom od Pochodni,18,6
Luty,,,
5,Kapelistom 4 po zł: 2 Jaskulskiemu zł 3 kalikantemu 3,14,
Marzec,,,
16,Kantorowi y Organiscie po zł: 37 gr 15,74,
,Harzoskiemu 10 Jaskulskiemu 8,18,
Czerwiec,,,
15,Organiscie y kantorowi po zł: 37 gr. 15,74,
,Hazowskiemu 10 Jaskulskiemu 8,18,
20,Kapeli za Pogrzeb po zł: 2,12,
,P. Gąsiorowskiemu za Spiewanie Wiliy,1,15
,Kalikantemu,2,
27,Kapeli za Mszą S:,12,
Grudzien,,,
17,Organiscie y kantorowi po zł 37 gr 15,75,
,Harzoskiemu y Jaskulskiemu,18,
1792,,,
Styczen,,,
1,Koscielny kapeli y przy kolęndzie służącym,14,
Luty,,,
29,Kantorowi y Organiscie po zł: 37 gr 15,75,
,Harzoskiemu zł. 10 Jaskulskiemu zł: 8,18,
Kwiecien,,,
24,P. Pochwalskiemu kapeliscie,10,
Czerwiec,,,
1,Kantorowi y Organiscie po zł: 37 gr 15,75,
,Harzowskiemu 10 Jaskulskiemu 8,18,
11,Kapeli y koscielnemu,18,
wRzesien,,,
19,Kantorowi y Organiscie po zł. 37 gr 15,75,
,Hazoskiemu zł: 10 Jaskulskiemu 8,18,
Pazdziernik,,,
22,Hazoskiemu od nakręcania Zegaru,30,
Grudzien,,,
28,Kantorowi y Organiscie po zł: 37 gr 15 Harzoskiemu zł. 10 Jaskulskiemu  8,85,
1793,,,
Luty,,,
25,Kantorowi y Organiscie po zł: 37 gr 15,75,
,Cichawskiemu zł:15 Charzowskiemu zł: 10 Jaskulskiemu 8,39,
Kwiecien,,,
Rocznica konsekracyi,Kapeli za Mszą S:,15,
,Cichawskiemu na kwartar [sic!] drugi,15,
Maia,,,
22,Kantorowi y Organiscie po zł 37 po  gr 15,75,
,Harzoskiemu zł: 10 Jaskulskiemu zł: 8,18,
Lipiec,,,
28,Cichawskiemu od malowania parabanu [...],17,
,Reiestr Expensy [1793-1798]; inw. 684 top. 724,,
1793,,,
Sierpień,,,
Wrzesień,,,
,P. Gosiorowskiemu y Podgurskiemu po zł: 37 gr 15.,75,
,Harzowskiemu zł. 10. Jaskulskiemu zł. 8.,18,
,Cichawskiemu Pensya Pułrocznie skonczone d: 28. Wrzesnia,30,
Grudzień,,,
,Kantorowi y Organiscie po zł: 37 gr 15,75,
,Cichawskiemu. Suchedni zł: 15. za przepisanie Rubriceli zł: 8.,23,
1794,,,
Styczeń,,,
,Organiscie y Kantorowi po zł: 4: gr: 15. Kapeli mnieyszy czterema po zł 2. gr. 8.,18,
,Kalikantemu zł: 1. Chłopcu Koscielnemu zł: 1. Chłopcom z Podrodzinam dwiema po gr 20,3,10
,Od robienia Gromnic y Stoczkow Harzowskiemu zł. 3. Kobietom 2 po zł: 1.,5,
Luty,,,
,Za Miod dla Kapeli,[brak],
,Kapeli dwiema za spiewanie letanie przes Wtorkow 7. po groszy 15. Kalikantemu po gr. 6,8.,12
,Na Wotywę Spiewaną O.S.O. Benedykcie pod czas Nowenny,3,
Marzec,,,
10,Kantorowi y Organiscie po zł: 2. po gr 10. kapeli 3. po zł: 1. gr 15. Chlopcu y Kalikantemu po zł: 1.,11,5
Suchedni,Kantorowi y Organiscie po zł: 37. gr 15,75,
,Cichawskiemu zł: 15. Charzowskiemu 10. Jaskulskiemu 8.,32,
Kwiecien,,,
1,Kapeliscie,7,
,Za Miod dla Kapeli na dwa Swięta,4,24
Maij,,,
,Kapeli y Koscielnym,16,
5,Podgurskiemu za Gorzałkę ktorą brał dla Robotnikuw swoich,20,
Czerwiec,,,
,Kantorowi y Organiscie po zł: 37. gr 15.,75,
,Cichawskiemu zł: 15. Charzowskiemu. zł: 10. Jaskulskiemu zł: 8,33,
Oktawa B:C:,Kapeli zł 16. Bratu Rożanca zł: 2,18,
,Za Miod dla Kapeli po dwa razy,4,24
Sierpien,,,
Pazdziernik,,,
15,P. Gąsiorowskiemu y Podgurskiemu po zł: 37. gr 15,75,
,Cichawskiemu zł. 15. Hazowskiemu zł: 10. Jaskulskiemu zł: 8.,33,
Listopad,,,
24,Cichawskiemu od malowania w kosciele y w oratorium,88,9
Grudzien,,,
13,Gąsiorowskiemu y Organiscie po zł: 37. gr 15. koscielnemu zł: 15.,89,
1795,,,
Styczen,,,
1, Kantorowi Organiscie. glichowskiemu po zł: 3. Temuż za Opłatki zł: 4,13,
,mnieyszym trzema po zł 2 gr 8. kalikantemu 1. Chłopcu koscieln. 1. z Pochodn. po gr. 20,9,4
Luty,,,
5,Zamiud zgromadzeniu y kapeli,14,12
Marzec,,,
1,Kantorowi y Organiscie po zł: 37. gr. 15.,75,
,Cichawskiemu zł: 15. Hazowskiemu zł 10. Jaskulskiemu zł: 8.,33,328 [sic!]
25,Kapeli,16,
Kwiecien,,,
konsekracya,Kapeli y koscielnym,16,
Maij,,,
26,Kantorowi y Organiscie po zł: 37 gr 15,75,
,Cichawskiemu zł: 15. Chazowskiemu zł. 10. JAskulskiemu 8.,33,
,Za Miod Kapeli,2,12
Czyrwiec,,,
5,Kapeli zakalikantym y Chłopcu,18,20
17,Ma Miud dla Kapeli,4,24
Lipiec,,,
9,Za kornet iusz upięty,18,
Sierpien,,,
19,Kapeli na Miud Garcy 2,4,24
WRzesien[sic!],,,
12,Kantorowi y Organiscie po  zł: 37. gr 15.,75,
,Cichawskiemu zł: 15. Harzowskiemu zł: 10. Jaskulskiemu zł. 8,33,
,Na Miud Kapeli garniec,2,12
Grudzien,,,
Suchedni,Organiscie y kantorowi po  zł: 37. gr 15.,73,
,Cichawskiemu zł: 15. Hazowskiemu zł: 10. Jaskulskiemu zł: 8,33,
Swięta B:N:,Organiscie Kantorowi Cichawskiemu po zł: 3 gr 12,10,6
,Hazowskiemu Jaskulskiemu po zł: 2. gr 8.,4,16
,Kalikantemu zł: 1. gr 10. Chłopcu koscielnemu zł: 1. Chłopcom gr 28,2,28
,Cichawskiemu od Pieczenia opłatkuw na Wilią,5,
1796,,,
Luty,,,
Suchedni,Kantorowi Organiscie po zł: 37. gr 15,75,
,Koscielnemu zł: 15. Hazoskiemu zł: 10. Jaskulskiemu zł: 8,35,
Marzec,,,
1,Kapeli zł: 20. P. Pochwalskiemu 12,32,
Kwiecien,,,
14,Kapeli y koscielnym,18,
Maij,,,
Suchedni,Kantorowi y Organiscie po zł: 37. gr: 15.,75,
,Cichawskiemu zł 15 Charzoskiemu zł: 10. Jaskulskiemu zł: 8,33,
29,Kapeli Kalikantemu y Chłopcu,17,
Sierpien,,,
22,Kapeli na Miod,5,
W Rzesien [sic!],,,
Suchedni,Organiscie y kantorowi po zł: 37 gr 15,75,
,Cichawskiemu zł: 15 Harzowskiemu zł: 10 Jaskulskiemu zł: 8,33,
Pazdziernik,,,
1,Organiscie y kantorowi po zł: 6,12,
Grudzien,,,
16,Organiscie y kantorowi po zł: 37 gr 15,75,
,koscielnemu zł: 15 Harzowskiemu zł. 10 Jaskulskiemu zł: 8,33,
1797,,,
Styczen,,,
1,kantorowi Organiscie y Cichawskiemu po sł 3,9,
,Kalikantemu y Chłopcu po zł: 1 Chłopcom z pochodniami po gr 14,2,28
,Organiscie od nauki,18,
Marzec,,,
Suchedni,Organiscie y kantorowi po zł: 37 gr 15,75,
,Koscielnemu zł:15 Trebaczowi zł: 10 drugiemu zł: 8,33,
Kwiecien,,,
,[za pogrzeb] Kapeli,16,
Maia,,,
Suchedni,kantorowi y Organiscie po zł: 37 gr 15,75,
,Cichawskiemu zł: 15 Hazoskiemu zł: 10,25,
Wrzesien,,,
Suchedni,Kantorowi y Organiscie po zł: 37 gr: 15,75,
,Cichawskiemu zł: 15 Hazoskiemu zł: 10,25,
Grudzien,,,
Suchedni,Kantorowi y Organiscie po zł: 37 gr. 15,75,
,Koscielnemu zł: 15 Trębaczowi zł: 10,25,
1798,,,
Styczen,,,
1,Kapeli dwiema po zł: 4 Trzema po zł: 3,17,
Kwie,,,
,kapeli,18,
,Spiewakowi na Boty,7,
,Organiscie dług zkupiony karczmy,80,
Czerwiec,,,
1,[zaległe suchedni] Kantorowi y Organiscie po zł: 37 gr 15,75,
,Cichawskiemu zł: 15 Temusz od malowania [...] 16,31,
,Trębaczowi,10,
Suchedni,Kantorowi y Organiscie po zł: 37 gr. 15,75,
,Cichawskiemu zł: 15 Trebaczowi zł: 10,25,
24,Kapeli krakoski,20,
w Rzesien,,,
Suchedni,Organiscie y kantorowi,75,
,Cichaskiemu zł: 15 Trębaczowi zł: 10,25,
Listopad,,,
,Hazoskiemu od nakrecania Zygara,30,
Grudzien,,,
1,Kantorowi y Organiscie po zł: 37 gr 15,75,
,Podgurskiemu od Chłopca zł: 8 Chazoskiemu zł: 10,18,
,Cichaskiemu,15,
1799,,,
Styczen,,,
1,Kapeli,20,28
,Kalikantemu,7,
Luty,,,
Suchedni,Kantorowi y Organiscie po zł: 37 gr 15,75,
,Cichawskiemu zł. 15 Trębaczowi po zł: 10,25,
Październik,,,
8,Za Miód dla Kapelli,2,12
,[dalej brak wpisów za suchedni dla muzyków],,
,Reiestr Widatkow [1799-1805]; inw. 686 top. 723,,
1800,,,
Styczeń,,,
1,Kantorowi y Organiście po Złotych 4,8,
,Pochwalskiemu Zło: 4. Pawłowi 4,8,
,Charzowskiemu Zło: 2. Kalikantemu Zło: 1.,3,
,Grudzień,,Kapelistom Oycu y Synowi na Buty
1801,,,
Styczeń,,,
Kolęda,Organiscie y Kantorowi. po Zło: 4.,8,
,Pawłowi y Pochwalskiemu po Zło: 4,8,
,Charzowskiemu Zło: 2. Kalikantemu Zło: 1. Chłopcom po Gro: 14.,3,28
Maj,,,
23,Kasprowi Pochwalskiemu,20,
Listopad,,,
9,Kapeliście,40,
1802,,,
Styczeń,,,
Kolęda,Organiście y Kantorowi po Zło: 4,8,
,Pawłowi Pochwalskiemu Dudkiewiczowi po Zło: 4,12,
,Charzowskiemu y Kalikantemu po Zło: 2,4,
Czer.,,,
20,Pochwalskiemu,20,
1803,,,
Styczeń,,,
1,Organiscie y Kantorowi Dynowskiemu Pochwalskiemu Ostrowskiemu tym po Zło: 4. daie się,20,
,Charzewskiemu Zło: 2. Kościelnemu Zło: 3. Kalikantemu Zło: 1.,6,
1804,,,
Styczeń,,,
Kolęda,Organiście. Kantorowi. Dynowskiemu. Pochwalskiemu y Ostrowskiemu. tym daie się po Zło: 4.,20,
,Charzowskiemu y Koscielnemu po 3. Zło: Kalikantemu Zło: 1,7,
1805,,,
Styczeń,,,
Organiscie Kantorowi. Dynowskiemu. Ostrowskiemu. Pochwalskiemu, Sadowskiemu. tym daie się po Zło: 4,24,
1800,,,
Styczeń,,,
SS. 3 Kroli,Od Gwiazdy dla Kapelli,12,
Luty,,,
3,Na Litanie SOB. na 7. Wtorkow Kapelli,9,
5,Za Msze S: Figuralne Papiery dla Kantora kupione,100,
8,Za parę Klarynetow,103,
na S:Ap:,Kapelli za Mszą S. graną,20,
Kwiecień,,,
,Dla Kapelli,20,
Maj,,,
1,Od oprawienia Xiąg Chorowych 2,36,
Czerwiec,,,
,Na Miod dla Kapelli,1,12
29,Za Garniec Miodu dla Kapelli,2,
Oktawa,Organiscie. Zło:3. Kantorowi. Zło. 3. Pochwalskiemu Zło: 3. Pawłowi Zło: 3. Charzewskiemu Zło: 2. Kalikantemu Zło. 1.,15,
,Za Miod dla Kapelli,4,
Sierpień,,,
5,Na Oporządzenie Spiewaczki,20,
25,Za Czapkę dla Kapelisty,32,
Wrzesień,,,
6,Na Wotywę do NSP. Tuchowskiey,20,
,Dla Kapelli 8miu,22,
Pazdziernik,,,
6,Na Miod dla Kapelli,3,
Listopad,,,
3,Na Futro dla Spiwaczki,20,
1801,,,
Styczeń,,,
SS: Trzech Kroli,Dla Kapelli od Gwiazdy,16,
Luty,,,
9, Kapelli,21,
Maj,,,
18,Na Pogrzeb Marcina Pochwalskiego,41,18
Czerwiec,,,
18,Dudkiewiczowi za 2gi Kwartał,20,
Wrzesień,,,
1.,Dla Kapelli 7mi,30,
,Dla Kapelli Siedmiu,27,
18,Dudkiewiczowi za 3ci Kwartał,20,
,Organiscie y Kantorowi za Ser,18,
Listopad,,,
10,Za Syc dla Spiewaczki,30,
19,Od Stancyi na Rok dla Kapeli,40,
22,Za Sukno y od Roboty dla Pochwalskiego Kapelisty,52,
1802,,,
Styczeń,,,
5,Za Płucienko dla Spiwaczki,22,
SS. Trzech Kroli,Kapelli od Gwiazdy,20,
Marzec,,,
16,Za Litanią S.O.B. przez 7. Wtorkow Orga: y Kan:,9,
20,Kantorowi od Uczenia Spiwaczki,36,
28,Na Kuracyą Spiwaczki,25,
Kwiecień,,,
9,Od Kuracyi Kapelisty,24,
22,Kapeliscie Pochwalskiemu na Kapelusz y Buty,10,
Czerwiec,,,
Oktawa,Dla Kapelli 9. za granie na Mszy S:,30,
Sierpień,,,
17,Za Skrzypce,72,
,Za Klawikort,72,
Wrzesień,,,
4,Organiscie y Kantorowi za Ser,12,
8,Dla Kapelli 8mi,27,
Pazdziernik,,,
31,Od Uczenia Spiewaczki,200,
Listopad,,,
23,Za Płocinka Łokci 8 dla Spiwaczki,10,6
Grudzień,,,
1,Dla Spiwaczki,5,18
,Kantorowi za Requiarne Papiery,4,
14,Za Mszą Choralną,20,
1803,,,
Styczeń,,,
12,Dla Kapelli od Gwiazdy,20,
Luty,,,
2,Za 2. Msze Choralne,40,
9,Dla Kapelli 8.,26,
26,Za Litanie S.O.B. przez 7. Wtorkow,9,
Marzec,,,
24,Od Uczenia Spiwaczki,36,
Kwiecień,,,
20,Za Papiery na 3. Msze y od przepisowania Ich,40,
,Za Skrzypce,72,
,Na rozne Instrumenta dla Kapelli,38,
Czerwiec,,,
8,Dla Kapelli za Mszą S Graną,30,
18,Za Altuwkę,36,
29,Za Waltornie,72,
Wrzesień,,,
1,Dla Kapelli za granie Litanij przez 3. dni,27,
1804,,,
Styczeń,,,
Na SS. Trzech Kroli,Dla Kapelli od Gwiazdy,20,
Luty,,,
14,Dla Kapelli 9.,34,
23,Kapeliscie Pawłowi Dynowskiemu na Drzewo na Dom y rozne potrzeby do tegoz,1000,
Kwiecień,,,
12,Za Litanie S.O.B. przez 7. Wtorkow,9,
Czerwiec,,,
6, Dla Kapelli 9ci,30,
Wrzesień,,,
Konsekra:,Dla Kapelli 8,31,
Na N.S.P. Naro:,Dla Kapelli 8. za granie Litanij przez 3.dni,27,
Listopad,,,
15,Od Naprawy Skrzypcow Koscielnych,40,
27,Od Stancyi dla Kapelisty,18,
30,Od Naprawy Skrzypcow Koscielnych,40,
Grudzień,,,
16,Dla Kapeli od Zgromadzenia na Wigilią,6,
1805,,,
Styczen,,,
SS: Trzech Kroli,Kapeli od Gwiazdy,20,
Luty,,,
9,Dla Kapeli 9ciu,34,
Marzec,,,
17,Za Litanie S.O.B. przez 7. Wtorkow Spiewanych,9,
,Od Uczenia Spiewaczki,36,
Czerwiec,,,
12 Oktawa,Dla Kapeli 10ciu,35,
